email,password,parsingTime,ip,os,browser
test,test,2025-08-14 03:17:53,127.0.0.1,Linux,Firefox 128.0
1111@a.com,1111,2025-08-14 07:46:21,127.0.0.1,Linux,Firefox 128.0
2222@a.com,2222,2025-08-14 07:46:33,127.0.0.1,Linux,Firefox 128.0
3333@a.com,3333,2025-08-14 07:46:58,127.0.0.1,Linux,Firefox 128.0
4444@a.com,4444,2025-08-14 07:47:10,127.0.0.1,Linux,Firefox 128.0
5555@a.com,5555,2025-08-14 07:47:20,127.0.0.1,Linux,Firefox 128.0
test1@test.com,test1,2025-08-14 07:47:39,127.0.0.1,Linux,Firefox 128.0
test2@test.com,test2,2025-08-14 07:47:48,127.0.0.1,Linux,Firefox 128.0
test3@test.com,test3,2025-08-14 07:47:56,127.0.0.1,Linux,Firefox 128.0
test4@test.com,test4,2025-08-14 07:48:03,127.0.0.1,Linux,Firefox 128.0
test5@test.com,test5,2025-08-14 07:48:20,127.0.0.1,Linux,Firefox 128.0
test6@test.com,test6,2025-08-14 07:48:33,127.0.0.1,Linux,Firefox 128.0
test7@test.com,test7,2025-08-14 07:48:43,127.0.0.1,Linux,Firefox 128.0
test8@test.com,test8,2025-08-14 07:48:54,127.0.0.1,Linux,Firefox 128.0
test9@test.com,test9,2025-08-14 07:49:03,127.0.0.1,Linux,Firefox 128.0
test10@test.com,test10,2025-08-14 07:49:18,127.0.0.1,Linux,Firefox 128.0
test11@test.com,test11,2025-08-14 07:49:26,127.0.0.1,Linux,Firefox 128.0
test12@test.com,test12,2025-08-14 07:49:35,127.0.0.1,Linux,Firefox 128.0
test13@test.com,test13,2025-08-14 07:49:44,127.0.0.1,Linux,Firefox 128.0
test14@test.com,test14,2025-08-14 07:49:52,127.0.0.1,Linux,Firefox 128.0
test15@test.com,test15,2025-08-14 07:50:02,127.0.0.1,Linux,Firefox 128.0
test16@test.com,test16,2025-08-14 07:50:09,127.0.0.1,Linux,Firefox 128.0
test17@test.com,test17,2025-08-14 07:50:21,127.0.0.1,Linux,Firefox 128.0
test18@test.com,test18,2025-08-14 07:50:28,127.0.0.1,Linux,Firefox 128.0
test19@test.com,test19,2025-08-14 07:50:35,127.0.0.1,Linux,Firefox 128.0
test19@test.com,test19,2025-08-14 07:50:41,127.0.0.1,Linux,Firefox 128.0
test@test.co.kr,test,2025-08-14 08:06:16,127.0.0.1,Linux,Firefox 128.0
test,test,2025-08-18 00:54:54,127.0.0.1,Linux,Chrome 139.0.0.0
